{"cameraMode":{"drawMode":0,"name":"Shaded","section":"Shading Mode"},"sceneLighting":true,"audioPlay":false,"sceneViewState":{"showFog":true,"showMaterialUpdate":false,"showSkybox":true,"showFlares":true,"showImageEffects":true,"showParticleSystems":true,"showVisualEffectGraphs":true,"m_FxEnabled":true},"in2DMode":false,"pivot":{"x":-0.6800370812416077,"y":1.5556325912475587,"z":-3.5298209190368654},"rotation":{"x":0.09257208555936814,"y":0.7207337617874146,"z":-0.09812122583389282,"w":0.6799657940864563},"size":0.00727534294128418,"orthographic":false}